<?xml version="1.0" encoding="UTF-8"?>
<manifest identifier="g9e7e15c44e0639bae9338af7b491f521" xmlns="http://www.imsglobal.org/xsd/imsccv1p1/imscp_v1p1" xmlns:lom="http://ltsc.ieee.org/xsd/imsccv1p1/LOM/resource" xmlns:imsmd="http://www.imsglobal.org/xsd/imsmd_v1p2" xmlns:xsi="http://www.w3.org/2001/XMLSchema-instance" xsi:schemaLocation="http://www.imsglobal.org/xsd/imsccv1p1/imscp_v1p1 http://www.imsglobal.org/xsd/imscp_v1p1.xsd http://ltsc.ieee.org/xsd/imsccv1p1/LOM/resource http://www.imsglobal.org/profile/cc/ccv1p1/LOM/ccv1p1_lomresource_v1p0.xsd http://www.imsglobal.org/xsd/imsmd_v1p2 http://www.imsglobal.org/xsd/imsmd_v1p2p2.xsd">
  <metadata>
    <schema>IMS Content</schema>
    <schemaversion>1.1.3</schemaversion>
    <imsmd:lom>
      <imsmd:general>
        <imsmd:title>
          <imsmd:string>QTI Quiz Export for course "Practice course ALS240"</imsmd:string>
        </imsmd:title>
      </imsmd:general>
      <imsmd:lifeCycle>
        <imsmd:contribute>
          <imsmd:date>
            <imsmd:dateTime>2020-06-26</imsmd:dateTime>
          </imsmd:date>
        </imsmd:contribute>
      </imsmd:lifeCycle>
      <imsmd:rights>
        <imsmd:copyrightAndOtherRestrictions>
          <imsmd:value>yes</imsmd:value>
        </imsmd:copyrightAndOtherRestrictions>
        <imsmd:description>
          <imsmd:string>Private (Copyrighted) - http://en.wikipedia.org/wiki/Copyright</imsmd:string>
        </imsmd:description>
      </imsmd:rights>
    </imsmd:lom>
  </metadata>
  <organizations/>
  <resources>
    <resource identifier="g127f984209fd7e9babba9b089938df7a" type="imsqti_xmlv1p2">
      <file href="g127f984209fd7e9babba9b089938df7a/g127f984209fd7e9babba9b089938df7a.xml"/>
      <dependency identifierref="g320ee091b86b9c12fba22d1aab4d53c5"/>
    </resource>
    <resource identifier="g320ee091b86b9c12fba22d1aab4d53c5" type="associatedcontent/imscc_xmlv1p1/learning-application-resource" href="g127f984209fd7e9babba9b089938df7a/assessment_meta.xml">
      <file href="g127f984209fd7e9babba9b089938df7a/assessment_meta.xml"/>
    </resource>
  </resources>
</manifest>
